{
  "name": "Deny-Subnet-Without-Nsg",
  "type": "Microsoft.Authorization/policyAssignments",
  "apiVersion": "2019-09-01",
  "properties": {
    "description": "This policy denies the creation of a subnet without a Network Security Group to protect traffic across subnets.",
    "displayName": "Subnets should have a Network Security Group",
    "notScopes": [],
    "parameters": {
      "effect": {
        "value": "Deny"
      }
    },
    "policyDefinitionId": "${varTopLevelManagementGroupResourceId}/providers/Microsoft.Authorization/policyDefinitions/Deny-Subnet-Without-Nsg",
    "scope": null,
    "enforcementMode": "Default"
  },
  "location": null,
  "identity": {
    "type": "None"
  }
}