{
  "$schema": "https://schema.management.azure.com/schemas/2019-04-01/deploymentParameters.json#",
  "contentVersion": "1.0.0.0",
  "parameters": {
    "parTopLevelManagementGroupPrefix": {
      "value": "alz"
    },
    "parTopLevelManagementGroupSuffix": {
      "value": ""
    },
    "parTopLevelManagementGroupDisplayName": {
      "value": "Azure Landing Zones"
    },
    "parTopLevelManagementGroupParentId": {
      "value": ""
    },
    "parLandingZoneMgAlzDefaultsEnable": {
      "value": true
    },
    "parPlatformMgAlzDefaultsEnable": {
      "value": true
    },
    "parLandingZoneMgConfidentialEnable": {
      "value": false
    },
    "parLandingZoneMgChildren": {
      "value": {}
    },
    "parPlatformMgChildren": {
      "value": {}
    },
    "parTelemetryOptOut": {
      "value": false
    }
  }
}
