{
  "$schema": "https://schema.management.azure.com/schemas/2019-04-01/deploymentParameters.json#",
  "contentVersion": "1.0.0.0",
  "parameters": {
    "parLocation": {
      "value": "chinaeast2"
    },
    "parCompanyPrefix": {
      "value": "alz"
    },
    "parHubNetworkName": {
      "value": "alz-hub-chinaeast2"
    },
    "parHubNetworkAddressPrefix": {
      "value": "10.20.0.0/16"
    },
    "parSubnets": {
      "value": [
        {
          "name": "AzureBastionSubnet",
          "ipAddressRange": "10.20.0.0/24",
          "networkSecurityGroupId": "",
          "routeTableId": ""
        },
        {
          "name": "GatewaySubnet",
          "ipAddressRange": "10.20.254.0/24",
          "networkSecurityGroupId": "",
          "routeTableId": ""
        },
        {
          "name": "AzureFirewallSubnet",
          "ipAddressRange": "10.20.255.0/24",
          "networkSecurityGroupId": "",
          "routeTableId": ""
        },
        {
          "name": "AzureFirewallManagementSubnet",
          "ipAddressRange": "10.20.253.0/24",
          "networkSecurityGroupId": "",
          "routeTableId": ""
        }
      ]
    },
    "parDnsServerIps": {
      "value": []
    },
    "parPublicIpSku": {
      "value": "Standard"
    },
    "parPublicIpPrefix": {
      "value": ""
    },
    "parPublicIpSuffix": {
      "value": "-PublicIP"
    },
    "parAzBastionEnabled": {
      "value": true
    },
    "parAzBastionName": {
      "value": "alz-bastion"
    },
    "parAzBastionSku": {
      "value": "Standard"
    },
    "parAzBastionTunneling": {
      "value": false
    },
    "parAzBastionNsgName": {
      "value": "nsg-AzureBastionSubnet"
    },
    "parDdosEnabled": {
      "value": false
    },
    "parDdosPlanName": {
      "value": "alz-ddos-plan"
    },
    "parAzFirewallEnabled": {
      "value": true
    },
    "parAzFirewallName": {
      "value": "alz-azfw-chinaeast2"
    },
    "parAzFirewallPoliciesName": {
      "value": "alz-azfwpolicy-chinaeast2"
    },
    "parAzFirewallTier": {
      "value": "Standard"
    },
    "parAzFirewallIntelMode": {
      "value": "Alert"
    },
    "parAzFirewallAvailabilityZones": {
      "value": []
    },
    "parAzErGatewayAvailabilityZones": {
      "value": []
    },
    "parAzVpnGatewayAvailabilityZones": {
      "value": []
    },
    "parAzFirewallDnsProxyEnabled": {
      "value": true
    },
    "parAzFirewallDnsServers": {
      "value": []
    },
    "parHubRouteTableName": {
      "value": "alz-hub-routetable"
    },
    "parDisableBgpRoutePropagation": {
      "value": false
    },
    "parPrivateDnsZonesEnabled": {
      "value": true
    },
    "parPrivateDnsZones": {
      "value": [
        "privatelink.azure-automation.cn",
        "privatelink.database.chinacloudapi.cn",
        "privatelink.blob.core.chinacloudapi.cn",
        "privatelink.table.core.chinacloudapi.cn",
        "privatelink.queue.core.chinacloudapi.cn",
        "privatelink.file.core.chinacloudapi.cn",
        "privatelink.web.core.chinacloudapi.cn",
        "privatelink.dfs.core.chinacloudapi.cn",
        "privatelink.documents.azure.cn",
        "privatelink.mongo.cosmos.azure.cn",
        "privatelink.cassandra.cosmos.azure.cn",
        "privatelink.gremlin.cosmos.azure.cn",
        "privatelink.table.cosmos.azure.cn",
        "privatelink.postgres.database.chinacloudapi.cn",
        "privatelink.mysql.database.chinacloudapi.cn",
        "privatelink.mariadb.database.chinacloudapi.cn",
        "privatelink.vaultcore.azure.cn",
        "privatelink.servicebus.chinacloudapi.cn",
        "privatelink.azure-devices.cn",
        "privatelink.eventgrid.azure.cn",
        "privatelink.chinacloudsites.cn",
        "privatelink.api.ml.azure.cn",
        "privatelink.notebooks.chinacloudapi.cn",
        "privatelink.signalr.azure.cn",
        "privatelink.azurehdinsight.cn",
        "privatelink.afs.azure.cn",
        "privatelink.datafactory.azure.cn",
        "privatelink.adf.azure.cn",
        "privatelink.redis.cache.chinacloudapi.cn"
      ]
    },
    "parPrivateDnsZoneAutoMergeAzureBackupZone": {
      "value": true
    },
    "parVpnGatewayConfig": {
      "value": {
        "name": "alz-Vpn-Gateway",
        "gatewayType": "Vpn",
        "sku": "VpnGw1",
        "vpnType": "RouteBased",
        "generation": "Generation1",
        "enableBgp": false,
        "activeActive": false,
        "enableBgpRouteTranslationForNat": false,
        "enableDnsForwarding": false,
        "bgpPeeringAddress": "",
        "bgpsettings": {
          "asn": "65515",
          "bgpPeeringAddress": "",
          "peerWeight": "5"
        },
        "vpnClientConfiguration": {}
      }
    },
    "parExpressRouteGatewayConfig": {
      "value": {
        "name": "alz-ExpressRoute-Gateway",
        "gatewayType": "ExpressRoute",
        "sku": "Standard",
        "vpnType": "RouteBased",
        "generation": "None",
        "enableBgp": false,
        "activeActive": false,
        "enableBgpRouteTranslationForNat": false,
        "enableDnsForwarding": false,
        "bgpPeeringAddress": "",
        "bgpsettings": {
          "asn": "65515",
          "bgpPeeringAddress": "",
          "peerWeight": "5"
        }
      }
    },
    "parTags": {
      "value": {
        "Environment": "Live"
      }
    },
    "parTelemetryOptOut": {
      "value": false
    },
    "parBastionOutboundSshRdpPorts": {
      "value": [
        "22",
        "3389"
      ]
    }
  }
}
