{
  "name": "Deploy-MDFC-SqlAtp",
  "type": "Microsoft.Authorization/policyAssignments",
  "apiVersion": "2019-09-01",
  "properties": {
    "description": "Enable Azure Defender on your SQL Servers and SQL Managed Instances to detect anomalous activities indicating unusual and potentially harmful attempts to access or exploit databases.",
    "displayName": "Configure Azure Defender to be enabled on SQL Servers and SQL Managed Instances",
    "notScopes": [],
    "parameters": {},
    "policyDefinitionId": "/providers/Microsoft.Authorization/policySetDefinitions/9cb3cc7a-b39b-4b82-bc89-e5a5d9ff7b97",
    "scope": null,
    "enforcementMode": "Default"
  },
  "location": null,
  "identity": {
    "type": "SystemAssigned"
  }
}