{
  "name": "Deny-DataB-Sku",
  "type": "Microsoft.Authorization/policyAssignments",
  "apiVersion": "2019-09-01",
  "properties": {
    "description": "Enforces the use of Premium Databricks workspaces to make sure appropriate security features are available including Databricks Access Controls, Credential Passthrough and SCIM provisioning for Microsoft Entra ID.",
    "displayName": "Enforces the use of Premium Databricks workspaces",
    "notScopes": [],
    "parameters": {
      "effect": {
        "value": "Deny"
      }
    },
    "policyDefinitionId": "${varTopLevelManagementGroupResourceId}/providers/Microsoft.Authorization/policyDefinitions/Deny-Databricks-Sku",
    "scope": null,
    "enforcementMode": "Default"
  },
  "location": null,
  "identity": {
    "type": "None"
  }
}
