{
  "name": "Deny-HybridNetworking",
  "type": "Microsoft.Authorization/policyAssignments",
  "apiVersion": "2019-09-01",
  "properties": {
    "description": "Denies deployment of vWAN/ER/VPN gateway resources in the Corp landing zone.",
    "displayName": "Deny the deployment of vWAN/ER/VPN gateway resources",
    "notScopes": [],
    "parameters": {
      "listOfResourceTypesNotAllowed": {
        "value": [
          "microsoft.network/expressroutecircuits",
          "microsoft.network/expressroutegateways",
          "microsoft.network/expressrouteports",
          "microsoft.network/virtualwans",
          "microsoft.network/vpngateways",
          "microsoft.network/p2svpngateways",
          "microsoft.network/vpnsites",
          "microsoft.network/virtualnetworkgateways"
        ]
      },
      "effect": {
        "value": "Deny"
      }
    },
    "policyDefinitionId": "/providers/Microsoft.Authorization/policyDefinitions/6c112d4e-5bc7-47ae-a041-ea2d9dccd749",
    "scope": null,
    "enforcementMode": "Default"
  },
  "location": null,
  "identity": {
    "type": "None"
  }
}